Date,AirParif_pm10,AirParif_pm2p5,Copernicus_pm10,Copernicus_pm2p5
2020-01-09,23.8,7.963636363636363,12.476818181818182,4.857272727272727
2020-01-10,12.25,6.895833333333333,18.830833333333334,15.625
2020-01-11,4.9125000000000005,2.254166666666667,29.809583333333332,23.4375
2020-01-12,15.833333333333334,8.762500000000001,17.227083333333333,7.6312500000000005
2020-02-09,28.040000000000003,11.193333333333333,11.491333333333333,5.676
2020-02-10,10.5,6.841666666666666,22.685000000000002,16.383333333333333
2020-02-11,8.466666666666667,2.8249999999999997,24.43541666666667,19.673750000000002
2020-02-12,18.075,9.766666666666667,23.06375,12.080416666666666
2020-03-09,24.27857142857143,8.985714285714286,10.947142857142856,6.67
2020-03-10,10.075000000000001,5.1000000000000005,15.385833333333332,10.74875
2020-03-11,13.605555555555556,4.705555555555556,27.676111111111112,20.281666666666666
2020-03-12,10.391666666666667,7.3625,11.425416666666665,8.298333333333334
2020-04-09,15.6,5.2875,11.81875,7.1225000000000005
2020-04-10,8.4625,3.8166666666666664,20.512083333333333,14.821666666666667
2020-04-11,18.52,12.52,16.694,10.303999999999998
2020-04-12,6.968181818181819,4.2727272727272725,9.462727272727273,5.846818181818182
2020-05-09,14.99,3.97,10.475,6.294
2020-05-10,6.3125,2.954166666666667,20.401666666666667,16.27875
2020-05-11,21.629166666666666,14.629166666666668,11.102083333333333,7.109166666666667
2020-05-12,8.279166666666667,6.704166666666667,9.11125,6.4725
2020-06-09,14.466666666666667,3.8333333333333335,12.365,7.478333333333333
2020-06-10,9.025,4.216666666666667,14.79875,11.804166666666667
2020-06-11,21.141666666666666,14.987499999999999,14.768333333333333,8.468333333333334
2020-06-12,12.6625,11.520833333333334,17.47375,13.65375
2020-07-09,23.963636363636365,7.363636363636363,9.827272727272726,6.925454545454546
2020-07-10,9.950000000000001,4.7124999999999995,14.647083333333333,9.149583333333334
2020-07-11,23.15416666666667,17.641666666666666,13.832500000000001,7.2625
2020-07-12,27.768181818181816,23.286363636363635,29.33772727272727,22.981363636363636
2020-08-09,28.066666666666666,11.266666666666666,17.766666666666666,12.926666666666668
2020-08-10,12.391666666666666,6.345833333333334,15.560833333333333,12.621250000000002
2020-08-11,15.766666666666666,11.329166666666666,10.045416666666666,6.737916666666667
2020-08-12,20.963636363636365,16.59090909090909,25.311818181818182,20.282727272727275
2020-09-09,27.575,14.8125,14.5025,10.125
2020-09-10,9.841666666666667,5.554166666666667,13.813333333333333,10.321250000000001
2020-09-11,23.125,14.579166666666666,12.128333333333332,8.265416666666667
2020-09-12,25.129166666666666,20.579166666666666,26.535,18.673750000000002
2020-09-13,14.833333333333334,7.133333333333333,26.366666666666664,20.666666666666668
2020-09-14,39.400000000000006,16.311111111111114,13.277777777777779,10.38
2020-09-15,46.019999999999996,17.84,11.447,6.928
2020-09-16,46.089999999999996,22.66,12.196,8.059999999999999
2020-09-17,31.718181818181815,13.759090909090908,11.947727272727274,9.633181818181818
2020-09-18,31.55,13.069999999999999,8.545,4.519
2020-09-19,30.566666666666666,18.486666666666668,6.256666666666666,3.963333333333333
2020-09-20,24.521428571428572,16.407142857142855,12.735,5.2664285714285715
2020-09-21,40.45882352941176,18.370588235294118,13.354117647058825,5.939411764705882
2020-09-22,47.352631578947374,24.178947368421053,15.946842105263158,6.451578947368421
2020-09-23,15.442857142857141,10.035714285714286,13.236428571428572,6.222857142857143
2020-09-24,12.483333333333334,6.291666666666667,12.784999999999998,7.792083333333333
2020-09-25,11.929166666666667,6.141666666666667,13.349583333333333,9.24875
2020-09-26,15.591666666666667,6.7875000000000005,6.521666666666667,4.02875
2020-09-27,11.445833333333333,7.754166666666666,10.19125,4.826666666666667
2020-09-28,9.054166666666667,8.095833333333333,16.250416666666666,8.450416666666667
2020-09-29,10.814285714285715,11.799999999999999,21.645714285714288,13.40857142857143
2020-09-30,13.391666666666666,7.5249999999999995,16.288333333333334,12.174999999999999
2020-10-09,25.57,9.95,17.275,13.803
2020-10-10,10.387500000000001,4.591666666666667,12.849583333333333,6.984999999999999
2020-10-11,16.420833333333334,10.612499999999999,12.865833333333333,8.960416666666667
2020-10-12,14.5375,10.25,16.47125,10.20875
2020-10-13,9.729166666666666,5.758333333333333,14.284583333333332,10.545
2020-10-14,16.458333333333332,10.825000000000001,13.40375,5.825
2020-10-15,17.154166666666665,9.45,20.282500000000002,14.370416666666666
2020-10-16,19.183333333333334,12.354166666666666,17.340416666666666,11.667083333333332
2020-10-17,26.141666666666666,19.254166666666666,22.873333333333335,18.425833333333333
2020-10-18,24.900000000000002,17.779166666666665,24.076666666666668,18.070416666666667
2020-10-19,27.875,19.516666666666666,27.829166666666666,20.649166666666666
2020-10-20,16.1375,10.083333333333334,31.36583333333333,22.328333333333333
2020-10-21,14.416666666666666,5.8500000000000005,50.15416666666667,36.18666666666667
2020-10-22,17.979166666666668,8.1875,46.28875,32.54708333333333
2020-10-23,13.875,6.9875,34.31,24.59958333333333
2020-10-24,9.012500000000001,3.8041666666666667,26.342916666666667,22.360416666666666
2020-10-25,6.836363636363637,3.8954545454545455,35.73318181818182,29.49
2020-10-26,12.163636363636364,4.7318181818181815,17.69181818181818,7.69
2020-10-27,10.029166666666667,4.925,23.06375,12.080416666666666
2020-10-28,13.033333333333333,4.870833333333334,11.425416666666665,8.298333333333334
2020-10-29,12.822727272727274,5.945454545454546,8.974545454545455,5.674545454545455
2020-10-30,11.458333333333334,5.3999999999999995,9.11125,6.4725
2020-10-31,12.362499999999999,7.783333333333334,17.47375,13.65375
2020-11-09,31.853846153846156,12.476923076923075,23.29692307692308,18.8
2020-11-10,7.995833333333334,4.304166666666666,17.776666666666667,6.808333333333334
2020-11-11,13.995833333333332,10.704166666666666,14.945833333333333,8.172916666666667
2020-11-12,8.815000000000001,6.3,11.1785,7.0825000000000005
2020-11-13,18.783333333333335,11.729166666666666,13.144166666666665,9.147916666666667
2020-11-14,15.916666666666666,9.775,16.205416666666668,8.368333333333334
2020-11-15,12.191666666666668,6.720833333333332,9.262500000000001,5.6575
2020-11-16,16.091666666666665,5.870833333333334,5.802499999999999,4.141666666666667
2020-11-17,15.370833333333332,6.4624999999999995,9.34125,4.922083333333334
2020-11-18,18.354166666666668,10.9,9.24875,4.8025
2020-11-19,14.495652173913042,5.547826086956522,11.653913043478262,6.247826086956521
2020-11-20,14.75,8.870833333333334,15.139583333333334,10.147083333333333
2020-11-21,18.8125,13.166666666666666,5.235416666666667,3.5308333333333337
2020-11-22,21.620833333333334,17.408333333333335,7.641249999999999,4.80875
2020-11-23,19.150000000000002,13.179166666666667,12.419583333333334,8.580416666666666
2020-11-24,26.12,19.9,17.873333333333335,13.424000000000001
2020-11-25,32.731818181818184,22.654545454545453,15.995454545454544,12.430454545454547
2020-11-26,42.07083333333333,30.429166666666664,50.15416666666667,36.18666666666667
2020-11-27,42.55416666666667,33.170833333333334,46.28875,32.54708333333333
2020-11-28,36.604166666666664,30.379166666666666,34.31,24.59958333333333
2020-11-29,23.91578947368421,21.38421052631579,26.36578947368421,22.504210526315788
2020-11-30,35.485,29.025,37.7375,29.9835
2020-12-09,23.880000000000003,10.54,31.287,22.974
2020-12-10,12.220833333333333,7.029166666666666,17.087083333333332,9.022499999999999
2020-12-11,16.441666666666666,7.054166666666667,15.852916666666667,9.878333333333334
2020-12-12,10.466666666666667,5.458333333333333,14.768333333333333,8.468333333333334
2020-12-13,10.008333333333333,6.7375,13.832500000000001,7.2625
2020-12-14,9.319047619047618,5.419047619047619,9.773809523809524,6.567142857142857
2020-12-15,11.295238095238096,6.585714285714286,12.80857142857143,8.68047619047619
2020-12-16,13.9375,10.4,12.865833333333333,8.960416666666667
2020-12-17,14.200000000000001,7.279166666666666,14.945833333333333,8.172916666666667
2020-12-18,16.533333333333335,11.495833333333332,15.852916666666667,9.878333333333334
2020-12-19,11.726086956521739,8.54782608695652,13.07391304347826,9.10695652173913
2020-12-20,13.445833333333333,7.366666666666666,16.205416666666668,8.368333333333334
2020-12-21,6.6125,4.591666666666667,9.262500000000001,5.6575
2020-12-22,3.7708333333333335,1.7249999999999999,5.802499999999999,4.141666666666667
2020-12-23,9.614285714285714,5.0476190476190474,9.650952380952381,4.9090476190476195
2020-12-24,7.495833333333334,4.291666666666667,9.24875,4.8025
2020-12-25,7.9624999999999995,5.4875,11.65,6.1812499999999995
2020-12-26,11.1625,7.791666666666667,15.139583333333334,10.147083333333333
2020-12-27,4.434782608695652,3.430434782608696,5.266521739130434,3.5630434782608695
2020-12-28,6.75,4.8149999999999995,7.6155,4.6015
2020-12-29,9.054166666666667,6.845833333333334,12.419583333333334,8.580416666666666
2020-12-30,12.066666666666666,9.923809523809524,16.747619047619047,12.065238095238096
2020-12-31,10.654545454545454,9.331818181818182,15.772272727272728,12.153636363636364
2021-01-01,20.438095238095237,20.347619047619048,32.13952380952381,25.446666666666665
2021-01-02,7.720833333333334,5.516666666666667,10.5275,8.475
2021-01-03,28.0125,19.770833333333332,24.409583333333334,18.99125
2021-01-04,63.775,35.03333333333333,45.64666666666667,30.3875
2021-01-05,27.530434782608697,21.895652173913046,22.094347826086956,19.13
2021-01-06,20.829411764705885,8.194117647058825,13.424117647058823,9.468823529411765
2021-01-07,22.520833333333332,13.879166666666668,18.341666666666665,14.129166666666668
2021-01-08,10.391666666666667,5.05,14.024166666666666,7.4175
2021-01-09,27.285000000000004,16.36,19.4965,12.485
2021-01-10,12.414285714285715,6.223809523809523,11.585238095238095,5.7214285714285715
2021-01-11,11.783333333333333,6.491666666666667,12.306666666666667,5.201666666666667
2021-01-12,7.71578947368421,4.794736842105263,9.503157894736843,4.872631578947368
2021-01-13,12.991304347826087,9.273913043478261,13.86304347826087,10.461739130434783
2021-01-14,8.036363636363637,6.945454545454546,7.214545454545455,4.762727272727273
2021-01-15,22.114285714285714,20.41904761904762,21.07238095238095,17.57238095238095
2021-01-16,21.391666666666666,21.829166666666666,22.297916666666666,18.380416666666665
2021-01-17,16.116666666666667,13.229166666666666,19.032500000000002,10.850833333333334
2021-01-18,19.783333333333335,13.8125,18.852083333333333,11.895000000000001
2021-01-19,15.0375,13.395833333333334,13.933749999999998,8.609166666666667
2021-01-20,14.381818181818181,10.60909090909091,10.525454545454545,7.541363636363636
2021-01-21,11.119047619047619,7.052380952380952,9.323333333333332,4.600952380952381
2021-01-22,12.475,8.420833333333333,11.61875,8.146666666666667
2021-01-23,11.645833333333334,8.9625,10.09375,7.060416666666666
2021-01-24,14.879166666666668,11.9,10.840416666666668,7.80375
2021-01-25,13.695833333333333,8.716666666666667,12.532499999999999,9.21625
2021-01-26,17.404166666666665,11.991666666666667,17.3625,12.2525
2021-01-27,13.904166666666667,11.345833333333333,12.789166666666667,9.087916666666667
2021-01-28,7.845833333333334,5.804166666666667,6.562083333333334,4.423333333333333
2021-01-29,13.517391304347825,8.256521739130434,12.955652173913045,5.630000000000001
2021-01-30,15.9,9.666666666666666,14.65125,7.622083333333333
2021-01-31,12.358333333333334,11.908333333333333,15.165833333333333,11.238750000000001
2021-02-01,41.160000000000004,40.28,37.854,32.7455
2021-02-02,9.708333333333334,5.5874999999999995,11.089166666666666,6.345
2021-02-03,58.75555555555555,35.69444444444444,45.97333333333333,34.27777777777778
2021-02-04,33.24583333333333,17.108333333333334,21.782083333333333,14.004583333333334
2021-02-05,22.353846153846156,18.53846153846154,22.93307692307692,19.03076923076923
2021-02-06,18.308333333333334,10.158333333333333,14.509166666666667,10.503333333333332
2021-02-07,28.3,17.583333333333332,20.051666666666666,14.923333333333334
2021-02-08,10.746666666666666,4.653333333333333,9.626666666666667,6.547333333333333
2021-02-09,25.683333333333334,17.525000000000002,20.13083333333333,14.540833333333333
2021-02-10,9.413636363636364,6.054545454545454,8.385,5.479090909090909
2021-02-11,10.225,5.591666666666666,11.09125,6.664166666666667
2021-02-12,12.65,6.3374999999999995,12.750416666666666,7.167916666666667
2021-02-13,16.429166666666667,12.262500000000001,16.050416666666667,12.320833333333333
2021-02-14,21.7,17.608333333333334,18.954583333333336,15.097083333333332
2021-02-15,22.608333333333334,17.162499999999998,16.770416666666666,12.211666666666666
2021-02-16,14.924999999999999,8.920833333333333,11.717500000000001,8.287083333333333
2021-02-17,17.279166666666665,9.15,18.367916666666666,7.186666666666667
2021-02-18,12.45,7.172727272727273,11.608181818181817,7.916363636363636
2021-02-19,18.879166666666666,10.279166666666667,18.510833333333334,11.26
2021-02-20,27.587500000000002,11.770833333333334,24.452083333333334,12.5875
2021-02-21,17.375,9.3125,16.350833333333334,10.020833333333334
2021-02-22,49.70454545454545,20.063636363636363,37.10545454545455,19.411363636363635
2021-02-23,42.42916666666667,16.875,30.7675,16.152916666666666
2021-02-24,45.22,21.1,33.72,17.686
2021-02-25,50.611111111111114,20.299999999999997,38.43555555555556,19.977777777777774
2021-02-26,19.191666666666666,12.3375,18.26625,13.31125
2021-02-27,20.183333333333334,14.904166666666667,21.420833333333334,12.996250000000002
2021-02-28,26.566666666666666,22.8875,20.55125,15.1825
2021-03-01,32.4375,32.44583333333333,33.87583333333333,30.220416666666665
2021-03-02,8.647619047619047,4.728571428571429,9.388571428571428,5.428571428571429
2021-03-03,69.14583333333333,35.74583333333333,52.75875,31.491249999999997
2021-03-04,24.0625,14.341666666666667,16.340833333333332,10.23625
2021-03-05,22.509090909090908,16.181818181818183,25.384545454545457,19.883636363636363
2021-03-06,17.15,10.799999999999999,18.80333333333333,14.283333333333333
2021-03-07,19.720833333333335,9.766666666666667,11.514166666666666,8.2125
2021-03-08,10.008333333333333,5.233333333333333,9.89875,7.500416666666666
2021-03-09,25.5,17.416666666666668,18.435,15.891666666666666
2021-03-10,6.616666666666667,3.725,5.71375,4.3225
2021-03-11,15.166666666666666,9.700000000000001,15.17,11.243333333333334
2021-03-12,12.8375,8.658333333333333,12.014166666666666,9.09625
2021-03-13,9.275,5.220833333333333,10.49,4.794583333333334
2021-03-14,12.008333333333333,6.308333333333334,14.188749999999999,5.763750000000001
2021-03-15,12.641666666666666,7.783333333333334,14.039583333333333,8.687916666666666
2021-03-16,19.616666666666667,14.904166666666667,19.525000000000002,14.495833333333335
2021-03-17,17.991666666666667,9.779166666666667,16.795416666666664,8.24875
2021-03-18,14.5,8.325000000000001,14.209583333333333,8.83875
2021-03-19,14.35,10.258333333333333,11.705416666666666,8.594166666666666
2021-03-20,24.425,20.05,23.217083333333335,18.309166666666666
2021-03-21,19.820833333333333,16.179166666666667,18.50583333333333,14.340416666666668
2021-03-22,18.941666666666666,11.729166666666666,18.366666666666667,12.14875
2021-03-23,33.59166666666667,23.958333333333332,33.14958333333333,25.15416666666667
2021-03-24,40.18333333333333,29.2375,32.45333333333333,23.596249999999998
2021-03-25,22.579166666666666,15.779166666666667,21.42625,15.9375
2021-03-26,14.3125,7.320833333333333,13.869166666666667,9.470416666666667
2021-03-27,10.966666666666667,5.645833333333333,14.635,6.62875
2021-03-28,12.883333333333333,7.2749999999999995,15.617083333333333,9.673333333333334
2021-03-29,25.7375,12.404166666666667,20.486250000000002,14.155
2021-03-30,37.647619047619045,20.752380952380953,28.76,20.98190476190476
2021-03-31,50.864999999999995,21.9,30.5825,20.786
2021-04-01,22.121739130434783,21.90869565217391,21.178260869565218,18.213043478260868
2021-04-02,14.4625,8.35,17.511666666666667,11.221666666666666
2021-04-03,24.875,16.787499999999998,27.52208333333333,19.445
2021-04-04,32.71578947368421,19.847368421052632,25.973684210526315,17.15315789473684
2021-04-05,17.65,5.227777777777778,8.349444444444444,4.295555555555556
2021-04-06,14.104166666666666,9.316666666666666,12.730833333333335,10.923333333333334
2021-04-07,9.004166666666666,4.579166666666667,6.6937500000000005,4.245833333333334
2021-04-08,15.0,7.541666666666667,14.011249999999999,8.66125
2021-04-09,23.400000000000002,13.966666666666667,23.84,17.106666666666666
2021-04-10,13.320833333333333,5.4875,10.839166666666666,4.6187499999999995
2021-04-11,13.770833333333334,8.141666666666667,14.707500000000001,9.775416666666667
2021-04-12,6.420833333333333,4.1125,7.6875,4.354166666666667
2021-04-13,18.679166666666667,13.820833333333333,15.211666666666666,12.024583333333332
2021-04-14,23.383333333333336,15.795833333333334,19.072916666666668,15.409999999999998
2021-04-15,23.900000000000002,17.833333333333332,19.36583333333333,14.939166666666667
2021-04-16,23.825,16.929166666666667,19.138333333333332,15.253749999999998
2021-04-17,25.320833333333336,17.391666666666666,19.964583333333334,15.670833333333333
2021-04-18,24.741666666666664,17.329166666666666,21.54625,15.734583333333333
2021-04-19,29.88823529411765,19.28235294117647,29.02352941176471,21.39529411764706
2021-04-20,37.52727272727273,22.799999999999997,30.979545454545452,24.33318181818182
2021-04-21,47.160000000000004,35.71,38.789,34.674
2021-04-22,26.766666666666666,13.970833333333333,20.759583333333335,14.683749999999998
2021-04-23,25.03,12.33,19.682,13.534
2021-04-24,24.741666666666664,14.1875,18.51625,14.080833333333333
2021-04-25,22.604166666666668,12.375,16.968333333333334,12.693333333333333
2021-04-26,23.87391304347826,11.68695652173913,15.045652173913044,10.686521739130434
2021-04-27,35.59047619047619,18.933333333333334,21.314285714285717,15.979523809523808
2021-04-28,33.20909090909091,21.345454545454547,28.05,22.578181818181818
2021-04-29,31.791304347826088,20.565217391304348,24.62608695652174,18.64608695652174
2021-04-30,22.77777777777778,15.038888888888888,21.453333333333333,16.073888888888888
2021-05-01,28.27916666666667,27.6875,25.394166666666667,21.194583333333334
2021-05-02,17.325,11.6,21.310416666666665,13.107083333333334
2021-05-03,15.887500000000001,10.950000000000001,15.02875,10.4025
2021-05-04,20.2,12.895238095238096,17.096190476190475,10.784761904761904
2021-05-05,13.985714285714286,5.735714285714286,10.565714285714284,5.0042857142857144
2021-05-06,12.204166666666666,8.299999999999999,11.735416666666666,8.805416666666668
2021-05-07,8.995833333333334,4.0249999999999995,5.944583333333333,3.8225
2021-05-08,12.113333333333333,6.760000000000001,14.628000000000002,10.552666666666665
2021-05-09,21.727272727272727,14.672727272727274,20.243636363636366,14.037272727272727
2021-05-10,9.469565217391304,4.543478260869565,9.015652173913043,4.179565217391304
2021-05-11,16.395652173913046,7.07391304347826,16.688260869565216,10.32913043478261
2021-05-12,5.3999999999999995,4.0874999999999995,8.193333333333333,5.105416666666667
2021-05-13,5.220833333333333,2.5500000000000003,5.922916666666667,4.026666666666666
2021-05-14,7.345833333333334,4.533333333333333,8.915416666666667,7.142083333333333
2021-05-15,6.866666666666667,4.1625000000000005,8.4925,5.819583333333333
2021-05-16,7.2875000000000005,3.9749999999999996,7.955416666666667,4.80875
2021-05-17,6.569565217391304,3.356521739130435,7.770434782608696,4.899130434782609
2021-05-18,9.9625,5.066666666666666,10.453333333333333,6.383333333333333
2021-05-19,7.595833333333334,3.7916666666666665,8.625416666666666,5.739166666666667
2021-05-20,11.008333333333333,4.733333333333333,9.048333333333334,5.0675
2021-05-21,14.049999999999999,6.266666666666667,13.605416666666668,4.9437500000000005
2021-05-22,8.854166666666666,4.308333333333334,11.780833333333334,3.9066666666666667
2021-05-23,7.0,3.4250000000000003,6.362916666666667,3.9179166666666667
2021-05-24,5.691666666666666,2.9166666666666665,5.55375,3.36375
2021-05-25,9.613636363636363,4.713636363636364,10.737272727272726,4.69
2021-05-26,6.5249999999999995,3.5416666666666665,6.78125,5.769166666666667
2021-05-27,13.258333333333333,7.108333333333333,13.379166666666668,9.737499999999999
2021-05-28,15.385714285714286,8.985714285714286,13.028095238095236,9.787619047619048
2021-05-29,14.833333333333334,8.762500000000001,11.877083333333333,9.658333333333333
2021-05-30,14.0,8.670833333333333,11.03375,9.434583333333334
2021-05-31,16.47391304347826,7.104347826086957,10.863478260869567,7.785652173913043
2021-06-01,34.5,35.3,30.7,25.58
2021-06-02,9.608333333333333,8.2875,13.869166666666667,11.551666666666668
2021-06-03,17.654166666666665,13.5875,17.566666666666666,13.372916666666667
2021-06-04,16.794736842105266,6.626315789473685,13.66421052631579,9.451052631578946
2021-06-05,9.269565217391303,4.943478260869566,8.827391304347826,5.736086956521739
2021-06-06,11.154166666666667,6.2749999999999995,11.592916666666667,8.823333333333332
2021-06-07,15.5375,5.9125000000000005,11.804166666666667,4.947916666666667
2021-06-08,11.7875,4.179166666666666,10.382916666666667,4.901666666666666
2021-06-09,22.4,11.1,20.63,11.52
2021-06-10,13.9125,5.845833333333334,11.005416666666667,5.9125000000000005
2021-06-11,17.629166666666666,12.141666666666666,24.895416666666666,18.640833333333333
2021-06-12,11.358333333333334,7.7625,14.526666666666666,9.643333333333333
2021-06-13,12.142857142857142,7.371428571428571,13.031428571428572,8.395714285714286
2021-06-14,24.98888888888889,8.711111111111112,18.72666666666667,10.892222222222223
2021-06-15,22.342857142857145,10.942857142857141,22.10571428571429,14.032857142857143
2021-06-16,23.599999999999998,14.785714285714286,26.150000000000002,19.974285714285713
2021-06-17,16.566666666666666,8.612499999999999,14.285833333333334,8.852083333333333
2021-06-18,13.583333333333334,6.541666666666667,13.350833333333334,7.445
2021-06-19,14.625,9.0375,13.26,9.619583333333333
2021-06-20,11.254166666666668,5.8625,9.079166666666667,5.696666666666666
2021-06-21,11.521739130434783,5.113043478260869,10.254782608695653,6.584782608695652
2021-06-22,15.995833333333332,10.079166666666667,13.417916666666665,9.720416666666667
2021-06-23,24.816666666666666,17.8625,17.713333333333335,13.229999999999999
2021-06-24,20.533333333333335,10.545833333333333,16.46375,9.998333333333333
2021-06-25,18.820833333333333,11.075000000000001,16.089583333333334,12.02875
2021-06-26,12.591666666666667,8.708333333333334,12.0725,8.745
2021-06-27,15.700000000000001,10.529166666666667,13.184583333333334,9.701666666666666
2021-06-28,12.35,4.8500000000000005,9.715,5.292083333333333
2021-06-29,10.016666666666667,4.379166666666666,12.260416666666666,7.669999999999999
2021-06-30,15.229166666666666,8.533333333333333,10.5475,7.52
2021-07-01,15.75,12.7,21.447499999999998,16.7875
2021-07-02,13.25,12.283333333333333,15.77625,13.955416666666666
2021-07-03,29.19545454545454,24.595454545454547,26.072727272727274,21.61090909090909
2021-07-04,17.066666666666666,8.027777777777779,13.983888888888888,10.06111111111111
2021-07-05,13.1875,7.841666666666666,11.74,8.026666666666666
2021-07-06,16.3,8.370833333333334,12.932083333333333,9.34625
2021-07-07,15.4,6.904347826086957,11.049565217391304,5.222608695652174
2021-07-08,9.2125,4.316666666666666,8.755,4.199583333333333
2021-07-09,27.127272727272725,13.136363636363637,18.009090909090908,12.725454545454545
2021-07-10,18.7625,8.945833333333333,25.33458333333333,14.8425
2021-07-11,16.8125,10.720833333333333,17.00916666666667,10.24
2021-07-12,12.538095238095238,7.757142857142857,11.711904761904762,6.011904761904762
2021-07-13,19.566666666666666,12.2875,12.150416666666667,10.468333333333334
2021-07-14,15.279166666666667,9.0625,10.522916666666667,8.577499999999999
2021-07-15,17.383333333333333,9.683333333333334,13.7425,9.255
2021-07-16,22.8,12.792857142857143,18.257142857142856,7.912857142857143
2021-07-17,27.595652173913045,17.52608695652174,24.883913043478262,12.964782608695652
2021-07-18,16.354166666666668,7.966666666666666,15.325000000000001,9.085416666666667
2021-07-19,21.808695652173913,10.469565217391304,16.955652173913045,12.270869565217392
2021-07-20,29.441666666666666,15.691666666666668,22.153333333333336,15.540833333333333
2021-07-21,34.65217391304348,17.678260869565218,25.117826086956523,16.714782608695653
2021-07-22,29.95,15.97272727272727,20.74318181818182,15.458636363636362
2021-07-23,35.31304347826087,15.869565217391305,19.660434782608696,13.976521739130433
2021-07-24,16.61818181818182,7.672727272727273,10.997272727272728,6.964545454545455
2021-07-25,11.125,5.958333333333333,7.78375,4.910416666666666
2021-07-26,17.891666666666666,11.049999999999999,13.927916666666667,10.210833333333333
2021-07-27,17.991666666666667,11.387500000000001,12.164166666666667,9.454166666666667
2021-07-28,12.808333333333332,5.3999999999999995,10.586666666666666,5.26
2021-07-29,13.220833333333333,5.733333333333333,11.217916666666667,5.7683333333333335
2021-07-30,17.786956521739132,6.2,10.578260869565218,5.515217391304348
2021-07-31,11.0875,5.35,12.123125,5.853125
2021-08-01,19.220833333333335,13.1,31.18041666666667,24.213333333333335
2021-08-02,35.25,31.229166666666668,30.6775,26.285833333333333
2021-08-03,37.791666666666664,30.679166666666664,33.864583333333336,26.87625
2021-08-04,21.415384615384617,10.73076923076923,19.685384615384613,14.333846153846155
2021-08-05,13.541666666666666,6.875,8.3025,6.336666666666667
2021-08-06,23.795833333333334,14.012500000000001,13.729166666666666,10.419583333333334
2021-08-07,16.625,6.066666666666666,11.462916666666667,6.492083333333333
2021-08-08,10.954166666666666,5.3500000000000005,10.295416666666666,4.87
2021-08-09,26.63076923076923,13.838461538461539,17.31692307692308,11.176923076923078
2021-08-10,17.179166666666667,10.924999999999999,18.200833333333332,13.2275
2021-08-11,26.843478260869563,15.004347826086958,30.91130434782609,19.870434782608694
2021-08-12,11.079166666666666,5.545833333333333,12.872916666666667,6.528333333333333
2021-08-13,23.605555555555554,8.427777777777777,14.972222222222221,10.092777777777776
2021-08-14,20.09090909090909,9.036363636363637,17.66,9.935454545454546
2021-08-15,16.733333333333334,7.266666666666666,15.626666666666667,7.493333333333333
2021-08-16,16.163636363636364,8.572727272727272,15.260909090909092,7.69
2021-08-17,21.1,12.155555555555557,21.883333333333333,11.876666666666667
2021-08-18,11.3375,5.7125,13.75,7.08125
2021-08-19,8.129999999999999,3.9899999999999998,12.141,7.412000000000001
2021-08-20,9.314285714285715,4.457142857142857,12.052857142857144,8.085714285714285
2021-08-21,13.4,5.522222222222222,10.744444444444445,6.7444444444444445
2021-08-22,12.091666666666667,6.441666666666666,10.104166666666666,6.340833333333333
2021-08-23,15.127272727272727,8.381818181818183,14.97,9.549999999999999
2021-08-24,21.265,10.135000000000002,13.219,9.4335
2021-08-25,16.614285714285714,8.299999999999999,12.502857142857144,8.491428571428571
2021-08-26,14.022222222222222,7.422222222222222,13.852222222222222,9.30888888888889
2021-08-27,19.8,10.200000000000001,19.41,7.571428571428571
2021-08-28,17.172727272727272,7.790909090909091,15.59909090909091,7.040909090909091
2021-08-29,17.053846153846152,8.538461538461538,15.395384615384614,7.4799999999999995
2021-08-30,17.18,10.92,16.204,9.714
2021-08-31,25.676923076923078,15.153846153846153,18.827692307692306,12.291538461538462
2021-09-01,29.729166666666668,25.633333333333336,30.548333333333332,25.50916666666667
2021-09-02,35.391666666666666,31.104166666666668,32.93333333333333,26.644166666666667
2021-09-03,40.949999999999996,27.766666666666666,34.895,26.724999999999998
2021-09-04,23.21818181818182,16.29090909090909,20.91909090909091,15.766363636363637
2021-09-05,15.104166666666666,6.8,10.45125,6.945416666666667
2021-09-06,21.13076923076923,10.384615384615385,13.859230769230768,10.59769230769231
2021-09-07,15.65,8.014285714285714,15.89857142857143,11.274285714285714
2021-09-08,11.152173913043478,5.221739130434782,10.692173913043478,4.932173913043478
2021-09-09,21.817391304347826,11.782608695652174,12.76695652173913,8.874347826086957
2021-09-10,28.741666666666664,20.037499999999998,24.82041666666667,19.062916666666666
2021-09-11,36.9125,26.025000000000002,42.22208333333334,30.27541666666667
2021-09-12,15.770833333333334,8.191666666666666,13.653333333333334,7.535
2021-09-13,18.255555555555556,8.8,16.20111111111111,9.782222222222224
2021-09-14,19.695652173913043,11.195652173913043,14.567391304347826,9.549130434782608
2021-09-15,18.25,12.104166666666666,16.534166666666668,11.07875
2021-09-16,14.066666666666668,8.15,15.107916666666666,11.663333333333334
2021-09-17,19.726086956521737,11.93913043478261,16.789130434782606,12.17695652173913
2021-09-18,15.52222222222222,9.777777777777779,19.248333333333335,11.152777777777779
2021-09-19,13.794444444444444,8.605555555555556,17.516111111111112,11.777222222222223
2021-09-20,16.349999999999998,11.545833333333333,13.323333333333332,10.700000000000001
2021-09-21,26.21666666666667,18.983333333333334,21.72791666666667,18.399583333333336
2021-09-22,26.829166666666666,16.95,20.6575,15.805
2021-09-23,25.854166666666668,14.654166666666667,26.509583333333335,18.695
2021-09-24,22.0625,12.3375,18.754166666666666,13.501249999999999
2021-09-25,25.329411764705885,17.77058823529412,22.22705882352941,17.60529411764706
2021-09-26,15.4375,10.645833333333334,14.349583333333333,10.160416666666666
2021-09-27,12.075000000000001,6.1875,10.572083333333333,6.84625
2021-09-28,16.033333333333335,6.991666666666667,16.515,8.939583333333333
2021-09-29,10.270833333333334,4.1875,9.957083333333333,3.89125
2021-09-30,14.429166666666667,6.4624999999999995,13.389166666666666,6.2629166666666665
2021-10-01,27.3625,22.5625,29.79041666666667,21.96083333333333
2021-10-02,28.395833333333332,24.4875,26.488333333333333,20.958333333333332
2021-10-03,42.24583333333333,27.78333333333333,32.87583333333333,25.549166666666665
2021-10-04,13.858333333333334,11.016666666666666,15.464583333333332,12.800833333333335
2021-10-05,10.020833333333334,4.4624999999999995,9.839166666666666,5.2675
2021-10-06,24.41304347826087,8.834782608695651,13.348695652173912,11.06608695652174
2021-10-07,13.320833333333333,6.058333333333334,11.947916666666666,7.635416666666667
2021-10-08,10.141666666666667,5.191666666666666,11.102916666666667,6.391666666666667
2021-10-09,11.15,5.970833333333334,9.21125,6.418333333333333
2021-10-10,41.579166666666666,31.545833333333334,36.99125,29.57875
2021-10-11,57.25416666666666,40.35,56.873333333333335,43.79958333333334
2021-10-12,10.316666666666666,5.254166666666666,11.302916666666667,5.473333333333334
2021-10-13,19.434782608695652,9.18695652173913,19.678260869565218,13.272608695652172
2021-10-14,31.433333333333334,18.175,30.02916666666667,18.277083333333334
2021-10-15,32.25,17.670833333333334,31.239166666666666,23.141666666666666
2021-10-16,17.259090909090908,10.563636363636364,21.008181818181818,15.17909090909091
2021-10-17,21.104166666666668,14.1,19.4025,13.964166666666666
2021-10-18,27.0,16.145833333333332,23.165833333333335,17.656666666666666
2021-10-19,19.954166666666666,11.658333333333333,14.472499999999998,10.430416666666668
2021-10-20,16.779166666666665,9.25,11.954583333333334,7.789583333333333
2021-10-21,14.262500000000001,6.366666666666667,11.914583333333333,5.960833333333333
2021-10-22,13.982608695652175,7.369565217391305,18.288695652173914,10.171739130434782
2021-10-23,17.204166666666666,10.666666666666666,18.19,11.333333333333334
2021-10-24,19.3,13.808333333333332,16.827916666666667,12.525833333333333
2021-10-25,21.0625,15.299999999999999,16.8525,12.748750000000001
2021-10-26,13.345833333333333,7.758333333333333,13.78,8.610416666666667
2021-10-27,23.8875,14.620833333333332,18.609166666666667,11.854999999999999
2021-10-28,23.650000000000002,14.049999999999999,17.308333333333334,11.809583333333334
2021-10-29,17.933333333333334,11.241666666666667,12.206666666666665,8.831666666666667
2021-10-30,10.875,7.933333333333334,8.738333333333333,6.711666666666666
2021-10-31,11.612499999999999,7.0375000000000005,9.73625,5.228333333333333
2021-11-01,34.57083333333333,28.3875,34.692083333333336,26.60083333333333
2021-11-02,21.608333333333334,17.775,21.108333333333334,16.79375
2021-11-03,11.291666666666666,6.358333333333333,10.859583333333333,5.5687500000000005
2021-11-04,10.258333333333333,8.200000000000001,11.455416666666666,8.93625
2021-11-05,10.558333333333334,4.5249999999999995,12.815416666666666,7.103750000000001
2021-11-06,10.65,4.0,9.9375,6.81375
2021-11-07,14.152380952380952,5.538095238095238,8.486666666666666,5.482857142857143
2021-11-08,15.161904761904761,6.661904761904762,15.828095238095237,10.040000000000001
2021-11-09,8.726666666666667,4.293333333333334,10.097333333333333,5.423333333333333
2021-11-10,23.870833333333334,15.066666666666668,21.569166666666664,15.287083333333333
2021-11-11,47.875,42.354166666666664,54.14458333333334,42.247083333333336
2021-11-12,19.145833333333332,12.208333333333334,21.759583333333335,11.808750000000002
2021-11-13,11.475,8.266666666666667,15.944166666666668,9.155416666666666
2021-11-14,14.458333333333334,11.845833333333333,13.943333333333333,11.616666666666667
2021-11-15,25.65416666666667,21.40416666666667,26.705416666666668,22.544583333333335
2021-11-16,21.23478260869565,16.221739130434784,29.01913043478261,22.40304347826087
2021-11-17,27.212500000000002,20.195833333333333,27.08,21.097916666666666
2021-11-18,34.339130434782604,22.55652173913043,39.23434782608695,26.406521739130437
2021-11-19,26.554166666666664,17.2625,31.243750000000002,20.944166666666668
2021-11-20,14.295833333333334,11.558333333333332,20.277083333333334,15.719583333333333
2021-11-21,11.708333333333334,10.0625,19.895,13.644166666666665
2021-11-22,15.637500000000001,9.725,13.285416666666668,9.332916666666668
2021-11-23,16.616666666666667,10.262500000000001,16.017083333333336,11.247083333333334
2021-11-24,17.220833333333335,13.275,19.870833333333334,15.675416666666665
2021-11-25,31.141666666666666,22.933333333333334,29.36,23.157916666666665
2021-11-26,15.3,8.64375,17.308125,11.66125
2021-11-27,6.0826086956521745,4.308695652173912,9.849565217391303,6.338695652173913
2021-11-28,8.895833333333334,5.241666666666666,10.457083333333333,5.470833333333334
2021-11-29,15.654166666666667,8.908333333333333,17.5575,12.358333333333334
2021-11-30,11.554166666666667,8.604166666666666,12.725416666666668,8.234166666666667
2021-12-01,15.0625,10.454166666666667,10.239166666666668,7.041250000000001
2021-12-02,18.087500000000002,12.116666666666667,14.798333333333334,12.449583333333335
2021-12-03,13.256521739130434,6.234782608695652,13.148695652173913,5.031739130434783
2021-12-04,13.112499999999999,8.004166666666666,14.0525,10.72625
2021-12-05,17.166666666666668,7.004166666666666,13.360833333333334,5.67625
2021-12-06,8.9,4.254545454545454,10.694545454545455,7.34909090909091
2021-12-07,15.120833333333332,7.329166666666667,9.307083333333333,6.715416666666666
2021-12-08,27.181818181818183,11.80909090909091,25.577272727272728,15.860000000000001
2021-12-09,15.094117647058825,8.81764705882353,17.20235294117647,10.835882352941177
2021-12-10,19.766666666666666,9.841666666666667,18.89375,11.759583333333333
2021-12-11,33.55416666666667,27.6125,36.44416666666667,29.5425
2021-12-12,12.070833333333333,10.483333333333333,15.662083333333333,11.21875
2021-12-13,13.475,10.616666666666667,17.326666666666664,12.917083333333332
2021-12-14,30.258333333333336,19.9375,36.535833333333336,25.890416666666667
2021-12-15,20.0,15.429166666666667,34.424166666666665,24.13
2021-12-16,30.21666666666667,22.09166666666667,30.978333333333335,24.717083333333335
2021-12-17,25.808333333333334,21.329166666666666,22.49291666666667,19.73875
2021-12-18,23.520833333333332,20.0125,20.014166666666664,16.1975
2021-12-19,13.129166666666668,12.158333333333333,15.218333333333334,13.284166666666666
2021-12-20,16.833333333333332,13.979166666666666,14.74125,11.77875
2021-12-21,24.758333333333336,18.258333333333333,26.24875,20.523333333333333
2021-12-22,33.074999999999996,29.645833333333332,33.54125,28.90041666666667
2021-12-23,33.483333333333334,27.633333333333336,30.56833333333333,25.117500000000003
2021-12-24,19.654166666666665,16.575,21.206666666666667,16.285416666666666
2021-12-25,17.808333333333334,15.541666666666666,24.564166666666665,18.173333333333336
2021-12-26,12.566666666666668,10.475,15.125,11.13375
2021-12-27,16.212500000000002,9.933333333333334,12.43625,7.30375
2021-12-28,14.870833333333332,7.770833333333333,14.930833333333332,5.1241666666666665
2021-12-29,10.283333333333333,6.05,11.015833333333333,5.597916666666666
2021-12-30,11.799999999999999,7.1875,11.540416666666667,6.834583333333334
2021-12-31,13.420833333333334,9.766666666666667,15.7175,10.834999999999999
2022-01-01,21.145833333333332,17.470833333333335,21.42833333333333,16.255
2022-01-02,13.279166666666667,8.012500000000001,16.487083333333334,9.171666666666667
2022-01-03,40.579166666666666,28.054166666666664,15.279166666666667,6.839583333333334
2022-01-04,11.095833333333333,7.883333333333333,7.44,5.14875
2022-01-06,14.4,5.163636363636363,28.079090909090908,19.52
2022-01-07,14.47391304347826,4.491304347826087,10.572173913043478,6.4021739130434785
2022-01-08,7.283333333333334,2.983333333333333,9.603333333333333,5.648333333333333
2022-01-09,20.018181818181816,9.990909090909092,15.912727272727272,8.991818181818182
2022-01-10,6.375,3.1750000000000003,36.22,25.27333333333333
2022-01-11,17.195833333333333,7.141666666666667,33.1875,25.49791666666667
2022-01-12,27.816666666666666,23.462500000000002,46.35333333333333,35.11541666666667
2022-01-13,20.375,16.216666666666665,29.07875,23.477500000000003
2022-01-14,36.979166666666664,30.504166666666666,44.696666666666665,36.0075
2022-01-15,75.05,68.52083333333333,74.28666666666668,59.05375
2022-01-16,26.400000000000002,24.77916666666667,28.090833333333332,23.173333333333332
2022-01-17,22.59166666666667,18.041666666666668,33.280833333333334,25.680000000000003
2022-01-18,22.229166666666668,17.158333333333335,23.965416666666666,19.923333333333336
2022-01-19,23.570833333333336,18.9375,27.464583333333334,22.517916666666665
2022-01-20,18.5625,10.4375,19.794999999999998,11.772083333333335
2022-01-21,19.216666666666665,11.154166666666667,21.104166666666668,13.387916666666667
2022-01-22,22.054166666666664,17.558333333333334,28.28,21.580416666666665
2022-01-23,20.391666666666666,17.416666666666668,21.685833333333335,17.703333333333333
2022-01-24,28.983333333333334,24.09166666666667,34.19875,27.174583333333334
2022-01-25,42.11666666666667,35.887499999999996,54.79333333333333,42.748333333333335
2022-01-26,33.65416666666667,29.4875,45.01499999999999,35.97125
2022-01-27,35.525,29.15833333333333,33.27291666666667,27.399583333333336
2022-01-28,24.974999999999998,20.712500000000002,28.75375,20.543333333333333
2022-01-29,7.1375,5.6375,10.2975,7.760416666666667
2022-01-30,16.333333333333332,9.512500000000001,21.131666666666668,12.727916666666667
2022-01-31,14.729166666666666,7.158333333333334,13.604166666666666,6.587083333333333
2022-02-01,14.408333333333333,9.875,17.13416666666667,9.307916666666666
2022-02-02,10.270833333333334,5.916666666666667,12.960416666666667,8.495833333333334
2022-02-03,44.06666666666666,31.974999999999998,15.373333333333333,11.770416666666668
2022-02-04,13.579166666666666,8.016666666666667,11.745833333333332,8.383333333333333
2022-02-05,25.383333333333336,18.05,16.896666666666665,7.608333333333333
2022-02-06,16.45,6.8500000000000005,10.125714285714285,5.092142857142858
2022-02-07,16.713636363636365,5.959090909090909,18.298181818181817,10.242727272727272
2022-02-08,25.4,8.8,28.15,20.77
2022-02-09,22.77058823529412,11.258823529411766,31.87705882352941,22.842352941176472
2022-02-10,6.034782608695653,3.7304347826086954,18.58521739130435,15.080000000000002
2022-02-11,21.21818181818182,9.527272727272727,25.16818181818182,16.902272727272727
2022-02-12,33.670833333333334,29.191666666666666,22.332083333333333,17.252083333333335
2022-02-13,24.5125,16.633333333333333,20.844166666666666,15.08375
2022-02-14,10.841666666666667,5.554166666666667,10.309166666666666,6.68875
2022-02-15,12.825000000000001,6.45,10.53,6.19625
2022-02-16,4.345833333333333,2.0791666666666666,5.914583333333333,4.095
2022-02-17,24.537499999999998,13.179166666666667,22.399583333333336,8.6925
2022-02-18,12.4125,6.404166666666666,12.019166666666665,5.556666666666666
2022-02-19,11.916666666666666,5.904166666666666,12.745416666666666,4.758333333333334
2022-02-20,12.637500000000001,7.6875,14.570833333333333,7.145
2022-02-21,21.837500000000002,11.4375,21.546666666666667,7.645416666666667
2022-02-22,23.1875,12.445833333333333,19.243333333333332,9.40375
2022-02-23,19.129166666666666,10.320833333333333,21.6125,13.6475
2022-02-24,12.9,7.0,13.62,7.906999999999999
2022-02-25,16.108333333333334,7.6499999999999995,19.735416666666666,9.09
2022-02-26,15.549999999999999,10.833333333333334,22.56458333333333,14.862916666666665
2022-02-27,12.866666666666667,10.025,13.540833333333333,10.24375
2022-02-28,21.241666666666667,14.4125,23.650000000000002,20.47041666666667
2022-03-01,14.2125,8.4,42.100833333333334,34.56375
2022-03-02,14.283333333333333,10.1,42.428333333333335,33.524166666666666
2022-03-03,47.387499999999996,33.949999999999996,38.299166666666665,30.3175
2022-03-04,14.4625,9.512500000000001,45.14333333333334,37.4625
2022-03-05,32.375,23.2875,37.70875,32.1725
2022-03-06,18.23125,10.06875,43.476875,36.859375
2022-03-07,10.325000000000001,3.9,27.41416666666667,23.55333333333333
2022-03-08,18.825,5.875,30.215,25.7275
2022-03-09,14.255555555555556,9.2,39.15555555555556,34.08222222222222
2022-03-10,17.070833333333333,11.783333333333333,25.317083333333333,19.547083333333333
2022-03-11,13.382608695652175,7.021739130434782,13.13173913043478,9.63304347826087
2022-03-12,19.675,17.883333333333333,9.40875,6.879583333333334
2022-03-13,7.066666666666666,5.4875,7.110833333333333,5.783333333333334
2022-03-14,17.1875,8.941666666666666,16.685416666666665,9.748333333333333
2022-03-15,15.362499999999999,10.674999999999999,17.31833333333333,13.3575
2022-03-16,34.97083333333334,16.920833333333334,37.58416666666667,18.830833333333334
2022-03-17,19.1875,11.741666666666667,15.732916666666666,10.59
2022-03-18,22.204166666666666,14.083333333333334,19.322083333333335,12.849166666666667
2022-03-19,30.608333333333334,21.875,27.08666666666667,21.06875
2022-03-20,25.59166666666667,16.204166666666666,21.798333333333332,16.684166666666666
2022-03-21,34.862500000000004,23.7625,28.2325,22.082916666666666
2022-03-22,36.82608695652174,22.721739130434784,25.415652173913045,19.45130434782609
2022-03-23,45.15,30.235714285714288,37.09142857142857,30.125
2022-03-24,54.42916666666667,32.237500000000004,43.810833333333335,30.392916666666665
2022-03-25,65.5952380952381,44.97142857142857,52.95095238095238,38.38761904761905
2022-03-26,57.834782608695654,37.00869565217391,47.34260869565218,33.23739130434783
2022-03-27,47.4,28.45909090909091,38.191818181818185,28.02227272727273
2022-03-28,51.88181818181818,32.57727272727273,46.97545454545455,33.23045454545454
2022-03-29,47.5,26.853333333333335,40.142,28.608
2022-03-30,48.5875,39.358333333333334,46.46541666666667,33.775416666666665
2022-03-31,22.733333333333334,16.245833333333334,20.37625,14.938749999999999
2022-04-01,5.391666666666667,2.9625,9.385416666666666,6.432916666666666
2022-04-02,11.279166666666667,7.508333333333333,11.931666666666667,8.442083333333334
2022-04-03,47.949999999999996,33.987500000000004,14.818333333333333,11.276666666666666
2022-04-04,16.645833333333332,8.579166666666667,15.74875,12.3525
2022-04-05,25.975,18.925,11.625,8.33
2022-04-06,18.00526315789474,11.831578947368422,9.275789473684211,5.467368421052631
2022-04-07,10.299999999999999,3.9857142857142853,7.368571428571428,4.29
2022-04-08,22.0,6.442857142857143,10.192857142857141,4.778571428571428
2022-04-09,14.355555555555554,8.3,9.024444444444445,7.4511111111111115
2022-04-10,26.976470588235294,17.858823529411765,17.60235294117647,14.237647058823528
2022-04-11,12.016666666666666,5.966666666666666,10.837083333333332,8.1975
2022-04-12,25.704166666666666,23.791666666666668,16.143333333333334,8.666666666666666
2022-04-13,12.333333333333334,7.379166666666666,14.909583333333332,11.673333333333334
2022-04-14,17.904166666666665,10.083333333333334,20.75,16.004166666666666
2022-04-15,20.51304347826087,11.795652173913044,18.558695652173913,13.11826086956522
2022-04-16,19.454166666666666,12.7875,17.207083333333333,12.774166666666666
2022-04-17,13.119047619047619,5.590476190476191,9.947619047619048,7.327142857142857
2022-04-18,15.142857142857142,7.233333333333333,15.04,11.042857142857143
2022-04-19,21.968421052631577,9.710526315789474,16.16894736842105,11.416842105263159
2022-04-20,29.704166666666666,17.120833333333334,26.100416666666664,18.0625
2022-04-21,23.057142857142857,9.561904761904762,18.955238095238094,12.268095238095238
2022-04-22,21.645454545454545,10.322727272727272,17.846818181818183,12.762272727272727
2022-04-23,22.19090909090909,12.872727272727273,18.17909090909091,13.819090909090908
2022-04-24,19.818181818181817,14.254545454545456,19.009090909090908,15.15090909090909
2022-04-25,30.936842105263157,17.74736842105263,24.122631578947367,16.295263157894738
2022-04-26,28.55,20.400000000000002,24.132857142857144,17.740714285714287
2022-04-27,28.714285714285715,17.02857142857143,23.67047619047619,17.63095238095238
2022-04-28,36.550000000000004,22.083333333333332,29.75333333333333,20.419166666666666
2022-05-01,13.883333333333333,7.3625,15.4325,11.707083333333335
2022-05-02,14.0875,7.3875,26.52416666666667,20.18375
2022-05-03,41.614999999999995,34.3,24.856,18.7645
2022-05-04,12.233333333333334,7.879166666666666,18.874583333333334,14.165833333333333
2022-05-05,13.1,8.950000000000001,13.343333333333334,11.549999999999999
2022-05-06,14.191666666666668,8.116666666666667,14.584583333333335,10.62
2022-05-07,12.711111111111112,5.044444444444444,15.561111111111112,11.515555555555556
2022-05-08,21.063157894736843,6.678947368421053,18.64315789473684,14.24
2022-05-09,15.452380952380953,7.114285714285715,22.664285714285715,15.269047619047617
2022-05-10,12.778571428571428,6.521428571428571,25.38642857142857,15.856428571428571
2022-05-11,16.904166666666665,10.041666666666666,13.605833333333335,9.104166666666666
2022-05-12,24.895652173913046,22.317391304347826,12.231739130434782,6.568695652173914
2022-05-13,14.5125,6.15,15.46125,9.4
2022-05-14,15.844444444444443,7.155555555555556,16.07,11.42
2022-05-15,17.1875,8.1125,13.99,9.775
2022-05-16,17.541666666666668,8.633333333333333,12.5575,9.055
2022-05-17,17.79375,7.55625,15.311875,11.036249999999999
2022-05-18,13.642857142857142,5.871428571428572,13.08,8.540000000000001
2022-05-19,29.771428571428572,11.442857142857141,16.324285714285715,11.692857142857141
2022-05-20,17.8,8.769565217391305,10.930000000000001,8.26695652173913
2022-05-21,9.911111111111111,5.433333333333334,12.116666666666667,9.46
2022-05-22,14.362499999999999,6.708333333333333,12.113333333333335,8.267916666666666
2022-05-23,10.391666666666667,5.8,8.895833333333334,5.8933333333333335
2022-05-24,9.91304347826087,3.4956521739130437,7.983478260869566,4.456086956521739
2022-05-25,10.126666666666667,3.546666666666667,10.230666666666668,6.362666666666667
2022-05-26,6.492857142857143,3.042857142857143,11.052142857142856,6.357857142857143
2022-05-27,11.58,5.9799999999999995,12.225,7.743
2022-05-28,17.3625,9.7875,18.25125,12.24125
2022-05-29,11.8,4.819999999999999,10.24,5.621333333333334
2022-05-30,13.74,5.95,12.465,7.0665000000000004
2022-05-31,11.68888888888889,4.966666666666667,13.746666666666666,8.997777777777777
2022-06-01,19.3125,12.983333333333334,10.475,6.868333333333333
2022-06-02,7.779166666666666,5.370833333333334,10.827916666666667,7.596666666666667
2022-06-03,47.391304347826086,41.34782608695652,14.330869565217393,9.604347826086956
2022-06-04,12.45,5.172727272727273,12.373636363636365,8.883636363636363
2022-06-05,29.96,13.88,10.535,7.38
2022-06-06,8.170588235294119,3.9764705882352938,7.25,4.644117647058824
2022-06-07,15.075,6.1375,5.27375,3.81125
2022-06-08,11.0625,4.61875,6.86,4.251875
2022-06-09,15.095833333333333,6.554166666666667,13.38375,6.46375
2022-06-10,25.5625,11.0875,10.251875,6.67875
2022-06-11,11.991666666666667,8.045833333333333,10.265833333333333,6.78875
2022-06-12,27.916666666666668,24.087500000000002,11.948749999999999,6.8675
2022-06-13,16.3,8.2,14.142666666666667,8.95
2022-06-14,17.78235294117647,7.947058823529411,15.072352941176472,8.981764705882354
2022-06-15,20.025,8.9,17.265,11.885
2022-06-16,25.9375,13.1375,25.6725,17.2025
2022-06-17,21.46666666666667,10.266666666666667,19.786666666666665,12.986666666666666
2022-06-18,26.483333333333334,11.450000000000001,22.44333333333333,12.908333333333333
2022-06-19,29.042857142857144,13.942857142857141,21.495714285714286,11.212857142857143
2022-06-20,20.070833333333333,12.737499999999999,14.64125,9.57625
2022-06-21,21.3875,11.7125,14.283333333333333,8.954583333333334
2022-06-22,27.02916666666667,14.095833333333333,18.371666666666666,11.998333333333333
2022-06-23,20.61,11.1,12.940999999999999,9.189
2022-06-24,13.761904761904763,5.414285714285715,9.24095238095238,4.464285714285714
2022-06-25,9.879166666666666,5.0125,6.017500000000001,3.82375
2022-06-26,13.594444444444443,5.688888888888889,13.865555555555556,5.460555555555556
2022-06-27,10.185714285714285,4.857142857142857,10.611428571428572,5.417142857142857
2022-06-28,9.16,3.6799999999999997,10.67,6.714
2022-06-29,13.65,4.566666666666666,11.323333333333332,5.988333333333333
2022-06-30,11.079166666666666,5.058333333333334,7.82375,4.142083333333333
2022-07-01,9.366666666666667,5.954166666666667,8.33625,4.0929166666666665
2022-07-02,16.333333333333332,8.075000000000001,10.005833333333333,6.073333333333333
2022-07-03,32.6625,26.616666666666664,8.447916666666666,4.995416666666666
2022-07-04,8.747619047619047,3.7190476190476187,10.530952380952382,6.22047619047619
2022-07-05,17.233333333333334,10.544444444444444,12.713333333333333,7.613333333333333
2022-07-06,9.441666666666666,3.6750000000000003,11.958333333333334,6.470416666666666
2022-07-07,9.842857142857143,4.014285714285714,9.620000000000001,5.561428571428571
2022-07-08,10.7625,4.59375,15.875625,7.0043750000000005
2022-07-09,13.421739130434782,6.28695652173913,13.958695652173914,7.841304347826087
2022-07-10,31.200000000000003,15.930769230769231,10.420769230769231,5.497692307692308
2022-07-11,16.004166666666666,8.112499999999999,8.89375,5.462083333333333
2022-07-12,25.782608695652176,19.708695652173912,12.316521739130433,6.752173913043479
2022-07-13,37.32857142857143,11.528571428571428,20.928571428571427,10.911428571428571
2022-07-17,16.05,5.7,12.381666666666668,7.135000000000001
2022-07-19,41.36666666666667,17.26666666666667,28.453333333333333,14.270000000000001
2022-07-20,26.099999999999998,16.483333333333334,18.50375,11.809166666666668
2022-07-21,22.03529411764706,13.111764705882353,16.42705882352941,11.097058823529412
2022-07-22,29.90833333333333,17.3,18.21375,12.112083333333333
2022-07-23,29.62142857142857,20.157142857142855,18.974999999999998,14.702857142857143
2022-07-24,20.033333333333335,12.355555555555556,15.624444444444444,11.585555555555555
2022-07-25,18.6875,8.1875,13.1525,8.3575
2022-07-26,11.3625,4.1875,11.15,4.796250000000001
2022-07-27,16.815384615384616,5.946153846153846,12.008461538461539,5.406153846153846
2022-07-28,19.19,6.409999999999999,13.596,6.986
2022-07-29,28.571428571428573,8.928571428571429,22.79,15.295714285714284
2022-07-31,10.1375,4.4875,10.23125,7.2375
2022-08-01,8.116666666666667,5.441666666666666,8.9325,5.445416666666667
2022-08-02,14.109523809523811,9.504761904761905,12.254285714285713,7.176666666666667
2022-08-03,46.06,36.245,14.87,7.7989999999999995
2022-08-04,6.95,4.379166666666666,12.412083333333333,8.049166666666666
2022-08-05,24.9625,17.0375,9.1675,6.02625
2022-08-06,10.73913043478261,5.0,8.047391304347826,4.926956521739131
2022-08-08,17.57,7.1,13.494,7.828
2022-08-09,12.1625,5.75,16.32875,8.865416666666667
2022-08-10,11.6625,5.95,19.111250000000002,9.84375
2022-08-11,14.0375,6.575,16.572916666666668,10.442916666666667
2022-08-12,31.5,25.145833333333332,17.566666666666666,10.637500000000001
2022-08-14,25.314285714285717,18.014285714285712,14.572857142857142,9.377142857142857
2022-08-15,20.16190476190476,12.357142857142858,15.802857142857144,10.755238095238095
2022-08-16,22.900000000000002,15.871428571428572,22.595,15.116428571428571
2022-08-17,20.316666666666666,13.75,14.417083333333332,11.027916666666668
2022-08-18,24.133333333333336,13.595833333333333,15.062083333333334,12.276666666666666
2022-08-19,10.681818181818182,6.736363636363635,10.958181818181819,7.829090909090909
2022-08-20,16.66875,7.81875,14.940625,8.705
2022-08-21,14.618181818181819,7.109090909090909,16.845454545454547,12.339090909090908
2022-08-22,13.208333333333334,5.566666666666666,12.311666666666667,7.226666666666667
2022-08-23,9.357142857142858,3.5714285714285716,8.438571428571429,5.738571428571428
2022-08-24,16.95714285714286,6.585714285714286,14.284285714285716,9.001428571428571
2022-08-25,18.275,7.375,14.135,8.115
2022-08-26,15.633333333333333,9.116666666666665,10.705,7.335
2022-08-27,12.228571428571428,5.228571428571429,11.608571428571427,7.035714285714286
2022-08-28,16.48,7.409999999999999,15.065000000000001,8.45
2022-08-29,20.677777777777777,6.266666666666667,15.22888888888889,7.0633333333333335
2022-08-30,29.268181818181816,10.904545454545454,20.558636363636364,10.155454545454544
2022-08-31,26.835714285714285,9.685714285714285,20.04357142857143,10.302142857142856
2022-09-01,8.845833333333333,6.6875,16.324166666666667,9.820833333333333
2022-09-02,29.691666666666666,20.64166666666667,14.844999999999999,9.93
2022-09-03,44.3,35.3,12.384666666666668,8.313333333333334
2022-09-04,8.65,6.0249999999999995,11.62,6.7508333333333335
2022-09-05,27.82,13.190000000000001,11.512,6.36
2022-09-06,16.979166666666668,7.295833333333333,13.198749999999999,7.553333333333334
2022-09-08,17.625,7.6375,7.766249999999999,3.97375
2022-09-09,11.866666666666667,5.679166666666667,9.744583333333333,4.630416666666666
2022-09-10,19.041666666666668,10.566666666666666,9.535833333333333,6.328333333333333
2022-09-11,13.495833333333332,6.616666666666667,12.243333333333332,8.339583333333334
2022-09-12,28.55,22.391666666666666,10.689583333333333,5.9316666666666675
2022-09-13,22.95,8.24375,15.205,6.76125
2022-09-14,16.0,10.95,13.215,8.855
2022-09-15,17.905263157894737,8.478947368421052,12.972105263157895,8.168947368421053
2022-09-16,19.113636363636363,6.759090909090909,11.417727272727273,7.079545454545454
2022-09-17,11.709999999999999,4.4,10.134,5.171
2022-09-18,11.186666666666667,4.6866666666666665,10.170666666666667,6.291333333333333
2022-09-19,15.941666666666668,5.3500000000000005,11.706666666666665,7.935
2022-09-20,17.0625,7.275,14.955,8.657499999999999
2022-09-21,20.587500000000002,9.183333333333334,16.28,8.862083333333333
2022-09-22,16.833333333333332,8.683333333333334,17.346666666666668,10.478333333333333
2022-09-23,24.5,11.9,24.788,17.964000000000002
2022-09-24,14.014285714285714,9.585714285714285,16.834285714285716,11.728571428571428
2022-09-25,10.825,4.6,8.86,6.359999999999999
2022-09-26,8.066666666666666,4.261111111111111,8.649999999999999,4.850555555555555
2022-09-27,11.91304347826087,5.891304347826087,10.355652173913043,4.869130434782608
2022-09-28,11.179166666666667,5.0125,10.450000000000001,6.44625
2022-09-29,14.629166666666668,8.0875,14.899583333333332,11.095833333333333
2022-09-30,20.954166666666666,10.725,16.03708333333333,11.07875
2022-10-01,23.079166666666666,19.7625,10.489583333333334,4.5737499999999995
2022-10-02,19.116666666666667,14.625,6.578333333333333,4.5945833333333335
2022-10-03,32.53,21.669999999999998,16.362000000000002,12.6565
2022-10-04,13.720833333333333,10.208333333333334,17.361250000000002,13.567916666666667
2022-10-05,32.475,17.7625,11.72875,8.27875
2022-10-06,14.621739130434783,5.960869565217391,21.114782608695652,9.777826086956523
2022-10-07,13.125,5.125,19.36,13.75
2022-10-08,21.2,7.8999999999999995,13.327142857142857,8.138571428571428
2022-10-09,9.179166666666665,5.070833333333334,14.536666666666667,9.454166666666667
2022-10-10,23.45,13.016666666666666,18.995,11.85
2022-10-11,18.008333333333333,11.362499999999999,16.834166666666665,8.83375
2022-10-12,26.766666666666666,22.6125,26.490416666666665,15.37
2022-10-13,19.61304347826087,11.952173913043477,14.874347826086957,10.02
2022-10-14,6.333333333333333,3.9416666666666664,6.8566666666666665,4.285833333333334
2022-10-15,6.611111111111111,3.638888888888889,5.055,2.966111111111111
2022-10-16,11.8375,6.229166666666667,8.800833333333333,4.939166666666667
2022-10-17,18.141666666666666,9.945833333333333,17.013333333333332,10.074583333333333
2022-10-18,12.991666666666667,7.3999999999999995,12.989583333333334,8.9425
2022-10-19,19.666666666666668,10.038095238095238,18.26047619047619,8.611428571428572
2022-10-20,19.483333333333334,8.858333333333333,17.466666666666665,8.90375
2022-10-21,16.185,7.435,12.9355,6.273
2022-10-22,16.323529411764707,8.311764705882354,14.116470588235293,6.577058823529412
2022-10-23,14.76,6.786666666666666,12.346666666666666,6.117333333333334
2022-10-24,16.904166666666665,7.079166666666667,13.292083333333332,5.434583333333333
2022-10-25,15.620833333333332,7.558333333333334,13.1425,5.960416666666667
2022-10-26,17.5625,7.854166666666667,13.53625,6.830416666666667
2022-10-27,29.983333333333334,12.033333333333333,24.807083333333335,10.435416666666667
2022-10-28,32.31818181818182,14.590909090909092,31.24090909090909,14.759090909090908
2022-10-29,37.086666666666666,16.293333333333333,31.826666666666668,16.766666666666666
2022-10-30,26.205882352941178,12.258823529411766,27.60411764705882,17.726470588235294
2022-10-31,15.485714285714286,9.942857142857141,20.78642857142857,14.874285714285715
2022-11-01,31.400000000000002,25.78333333333333,12.883333333333333,4.422916666666667
2022-11-02,18.729166666666668,11.475,18.892500000000002,8.085416666666667
2022-11-03,16.45,10.054166666666667,10.377916666666666,5.620833333333334
2022-11-04,11.9625,6.404166666666666,10.841666666666667,5.857499999999999
2022-11-05,22.18,8.309999999999999,15.865,11.378
2022-11-06,12.328571428571427,5.992857142857143,11.949285714285713,6.392857142857143
2022-11-07,14.2,5.054545454545455,15.364545454545453,6.53
2022-11-08,31.807692307692307,11.26923076923077,10.163846153846153,6.205384615384616
2022-11-09,13.166666666666666,8.620833333333334,13.190416666666666,5.920000000000001
2022-11-10,20.054545454545455,8.459090909090909,17.474999999999998,10.713636363636363
2022-11-11,16.533333333333335,12.083333333333334,15.542499999999999,10.705
2022-11-12,22.254166666666666,20.566666666666666,22.353333333333335,18.370416666666667
2022-11-13,25.275000000000002,20.729166666666668,23.394166666666667,17.366249999999997
2022-11-14,20.720833333333335,14.683333333333332,19.597916666666666,13.262500000000001
2022-11-15,11.799999999999999,6.6625000000000005,9.638333333333334,5.49125
2022-11-16,12.225,6.141666666666667,10.944583333333334,4.714583333333334
2022-11-17,11.4125,5.908333333333334,11.089583333333332,5.166666666666667
2022-11-18,10.762500000000001,5.541666666666667,11.752083333333333,5.57125
2022-11-19,11.891666666666666,7.1875,13.0625,8.747916666666667
2022-11-20,10.4125,7.020833333333333,11.77625,7.257916666666667
2022-11-21,15.775,9.158333333333333,14.707500000000001,7.798749999999999
2022-11-22,12.541666666666666,6.429166666666667,12.163333333333334,5.422916666666667
2022-11-23,15.458333333333334,8.762500000000001,14.674166666666666,6.930833333333333
2022-11-24,18.083333333333332,9.908333333333333,17.750416666666666,8.39625
2022-11-25,18.120833333333334,10.391666666666667,18.54125,10.102083333333333
2022-11-26,24.354166666666668,18.375,22.323333333333334,16.17125
2022-11-27,14.366666666666667,11.595833333333333,12.012916666666667,8.97375
2022-11-28,13.383333333333333,8.079166666666667,14.600833333333334,9.315
2022-11-29,21.52916666666667,14.549999999999999,24.247500000000002,16.1975
2022-11-30,21.833333333333332,17.366666666666667,21.925,15.88125
2022-12-01,42.6125,34.07083333333333,25.780833333333334,21.935833333333335
2022-12-02,20.758333333333333,15.666666666666666,32.1475,27.656666666666666
2022-12-03,9.766666666666667,6.358333333333333,18.105416666666667,16.1675
2022-12-04,17.475,6.766666666666667,23.284583333333334,20.868750000000002
2022-12-05,16.35,6.9,24.515,22.244
2022-12-06,11.8375,5.8,29.924374999999998,25.4025
2022-12-07,27.953333333333333,7.386666666666667,31.396,24.29733333333333
2022-12-08,39.728571428571435,13.242857142857144,35.32714285714285,26.87857142857143
2022-12-09,17.104545454545455,7.85,26.48590909090909,19.93227272727273
2022-12-10,40.241176470588236,16.54705882352941,24.02294117647059,20.000588235294117
2022-12-11,26.53333333333333,20.295833333333334,21.16,18.540833333333335
2022-12-12,26.599999999999998,23.170833333333334,24.9375,21.27208333333333
2022-12-13,26.97083333333333,21.5125,25.067083333333333,21.365416666666665
2022-12-14,33.99166666666667,27.758333333333336,32.32875,27.141666666666666
2022-12-15,42.895833333333336,33.625,39.30083333333334,33.19166666666667
2022-12-16,31.041666666666668,25.983333333333334,30.496666666666666,25.073333333333334
2022-12-17,30.829166666666666,28.15833333333333,30.787499999999998,26.61375
2022-12-18,36.88695652173913,33.96086956521739,29.72304347826087,26.273043478260867
2022-12-19,14.879166666666668,11.2125,10.839166666666666,8.63
2022-12-20,12.191666666666668,8.275,9.03625,6.5304166666666665
2022-12-21,9.5375,6.266666666666667,7.719166666666666,4.957916666666667
2022-12-22,14.1875,9.15,11.115416666666667,6.229166666666667
2022-12-23,8.791666666666666,5.166666666666667,7.4675,4.0275
2022-12-24,16.541666666666668,10.879166666666668,14.394166666666665,8.169166666666667
2022-12-25,13.825000000000001,9.745833333333334,11.274166666666666,8.265
2022-12-26,8.674999999999999,4.9375,8.6325,5.497083333333333
2022-12-27,15.958333333333334,10.045833333333333,13.405416666666667,8.491666666666667
2022-12-28,9.5,6.6625000000000005,8.426666666666668,4.426666666666667
2022-12-29,13.325000000000001,7.2625,13.09125,5.9225
2022-12-30,8.575000000000001,5.770833333333333,8.303749999999999,4.500416666666667
2022-12-31,14.3375,7.795833333333333,11.633333333333333,6.070833333333333
